rider_id,name,age,gender,city,signup_date,total_rides,cancelled_rides,avg_rating
1,Anjali Patel,56.0,Male,Delhi,2021-06-15,156,44.0,3.55
2,Priya Gupta,46.0,,Delhi,2023-03-23,492,14.0,2.52
3,Vikas Mehta,32.0,Female,Chennai,2021-01-17,70,19.0,4.64
4,Pooja Gupta,25.0,Female,Delhi,2022-12-27,169,28.0,
5,Sneha Mehta,38.0,Male,Chennai,2022-06-02,272,41.0,4.87
6,Arjun Joshi,56.0,,Chennai,2020-08-01,68,28.0,4.45
7,Anjali Mehta,36.0,,Delhi,2021-01-10,355,2.0,3.28
8,Pooja Singh,40.0,Male,Mumbai,2022-01-13,252,18.0,3.12
9,Neha Joshi,28.0,Male,Mumbai,2020-07-31,48,2.0,4.24
10,Arjun Gupta,28.0,Male,Chennai,2020-03-19,184,13.0,3.41
11,Priya Singh,41.0,,Delhi,2021-09-19,320,39.0,3.92
12,Anjali Kumar,53.0,Female,Mumbai,2021-08-26,187,3.0,2.52
13,Sneha Joshi,57.0,Female,Delhi,2022-02-20,90,10.0,2.65
14,Anjali Verma,41.0,,Delhi,2023-11-05,446,30.0,3.84
15,Priya Singh,20.0,,Delhi,2022-09-27,332,42.0,3.92
16,Amit Reddy,39.0,Male,Kolkata,2021-11-10,139,31.0,4.38
17,Amit Joshi,19.0,Female,Delhi,2020-02-27,357,26.0,2.83
18,Sneha Kumar,,Male,Kolkata,2022-11-15,89,29.0,3.78
19,Rahul Reddy,47.0,Female,Chennai,2022-05-30,274,42.0,2.99
20,Arjun Reddy,55.0,Female,Mumbai,2021-03-22,19,1.0,2.73
21,Rohit Joshi,19.0,Female,Mumbai,2020-03-06,471,48.0,3.53
22,Pooja Verma,38.0,Female,,2023-07-01,311,8.0,2.91
23,Priya Joshi,50.0,,Mumbai,2022-12-03,358,27.0,3.05
24,Amit Sharma,,Female,Mumbai,2023-01-25,374,30.0,3.29
25,Sneha Singh,39.0,Male,Mumbai,2022-10-08,466,33.0,3.15
26,Rohit Sharma,,Male,Mumbai,2020-08-14,154,14.0,2.72
27,Rahul Joshi,44.0,Female,Chennai,2022-02-12,390,47.0,2.72
28,Arjun Kumar,59.0,Female,,2021-11-09,260,24.0,2.98
29,Amit Yadav,45.0,Male,Bangalore,2023-12-30,108,35.0,2.63
30,Rohit Joshi,33.0,Female,Kolkata,2021-08-23,371,7.0,4.07
31,Priya Patel,32.0,Female,Bangalore,2021-01-13,285,8.0,
32,Sneha Joshi,20.0,Male,Bangalore,2023-04-16,59,36.0,3.2
33,Arjun Kumar,54.0,Female,,2023-12-21,125,47.0,
34,Rahul Kumar,,Female,Delhi,2021-12-09,354,44.0,4.16
35,Neha Sharma,,Female,Delhi,2020-11-02,273,38.0,4.68
36,Rahul Reddy,26.0,Male,Mumbai,2022-02-17,107,31.0,
37,Anjali Sharma,56.0,Male,Chennai,2021-05-18,299,16.0,4.32
38,Pooja Mehta,35.0,Male,Mumbai,2020-09-24,245,34.0,3.71
39,Rohit Sharma,21.0,Female,Chennai,2020-01-08,336,36.0,4.23
40,Neha Singh,42.0,Female,Chennai,2021-05-22,450,18.0,3.88
41,Priya Yadav,31.0,Male,Bangalore,2021-04-20,418,43.0,3.04
42,Amit Verma,26.0,Female,Bangalore,2023-08-13,247,28.0,3.02
43,Pooja Kumar,43.0,,Chennai,2020-06-12,8,6.0,3.24
44,Amit Joshi,19.0,Female,Chennai,2021-04-29,141,27.0,4.78
45,Sneha Patel,,Female,Mumbai,2022-12-31,362,8.0,3.87
46,Priya Gupta,45.0,,Mumbai,2021-07-20,8,27.0,4.33
47,Rohit Gupta,24.0,Male,Bangalore,2022-06-23,478,5.0,3.37
48,Pooja Joshi,25.0,Female,Delhi,2021-07-12,352,28.0,3.52
49,Rahul Mehta,52.0,Male,Chennai,2020-08-25,484,16.0,2.81
50,Anjali Reddy,31.0,Female,Mumbai,2023-02-01,495,15.0,2.93
51,Amit Gupta,34.0,Male,Bangalore,2023-05-18,94,22.0,4.57
52,Amit Sharma,53.0,Female,Mumbai,2021-07-07,321,30.0,3.96
53,Vikas Reddy,57.0,Male,Chennai,2022-04-07,427,2.0,3.34
54,Arjun Singh,21.0,Female,Chennai,2021-04-12,39,20.0,4.51
55,Sneha Gupta,19.0,Male,Kolkata,2024-01-17,81,25.0,3.12
56,Vikas Patel,23.0,Female,,2023-07-15,187,35.0,4.94
57,Pooja Verma,59.0,Male,Kolkata,2021-01-20,84,41.0,3.36
58,Priya Yadav,21.0,Female,Bangalore,2022-02-13,88,36.0,3.34
59,Pooja Patel,46.0,Male,Mumbai,2022-04-27,242,21.0,3.28
60,Sneha Yadav,35.0,Male,Bangalore,2021-01-21,342,41.0,2.81
61,Rohit Mehta,43.0,Female,Chennai,2022-05-26,93,11.0,2.78
62,Arjun Reddy,51.0,Female,Kolkata,2020-09-15,86,41.0,4.12
63,Neha Mehta,27.0,Male,Kolkata,2020-10-09,44,12.0,4.69
64,Priya Sharma,53.0,Female,Kolkata,2020-02-09,137,,4.48
65,Amit Singh,31.0,Male,Bangalore,2021-04-30,421,15.0,2.85
66,Pooja Patel,48.0,Male,Chennai,2022-07-17,74,7.0,
67,Vikas Verma,32.0,Male,Mumbai,2020-08-07,36,,2.76
68,Anjali Patel,25.0,Female,Mumbai,2023-02-26,101,39.0,2.61
69,Priya Mehta,31.0,Male,Bangalore,2022-10-11,2000,44.0,4.14
70,Neha Kumar,40.0,Male,Kolkata,2022-10-20,156,1.0,3.84
71,Vikas Kumar,57.0,Female,Delhi,2021-09-04,426,29.0,2.71
72,Rohit Gupta,38.0,Female,Bangalore,2022-07-16,255,29.0,
73,Priya Reddy,33.0,Female,Bangalore,2021-11-18,171,11.0,
74,Priya Mehta,35.0,Female,Chennai,2021-09-04,469,9.0,2.58
75,Pooja Mehta,41.0,Male,Mumbai,2020-09-16,216,43.0,
76,Amit Joshi,43.0,Male,Bangalore,2022-09-16,170,10.0,3.76
77,Arjun Mehta,42.0,Male,Bangalore,2022-08-23,252,14.0,2.79
78,Arjun Yadav,58.0,,Kolkata,2020-12-31,360,15.0,2.92
79,Arjun Singh,46.0,,Kolkata,2021-06-27,322,16.0,3.38
80,Priya Verma,32.0,Male,Delhi,2021-10-10,55,25.0,4.4
81,Neha Singh,18.0,Male,Chennai,2022-03-24,456,1.0,3.77
82,Sneha Gupta,42.0,Female,Delhi,2022-11-05,432,49.0,
83,Arjun Kumar,24.0,Male,Kolkata,2023-02-26,91,11.0,4.96
84,Sneha Mehta,26.0,,Mumbai,2021-07-28,278,25.0,4.42
85,Neha Singh,41.0,Male,Kolkata,2023-02-06,101,22.0,3.59
86,Vikas Verma,18.0,Male,Chennai,2022-10-09,155,17.0,3.62
87,Sneha Joshi,25.0,Male,Kolkata,2021-10-31,377,31.0,4.05
88,Pooja Reddy,41.0,Male,Chennai,2020-09-25,349,48.0,4.16
89,Priya Reddy,28.0,Female,Chennai,2023-03-31,451,37.0,3.75
90,Priya Reddy,34.0,,Chennai,2023-07-07,364,46.0,4.11
91,Sneha Kumar,25.0,Male,Chennai,2022-07-12,141,2.0,2.56
92,Rohit Verma,52.0,Male,Chennai,2023-01-30,173,37.0,
93,Sneha Gupta,52.0,Female,Mumbai,2020-09-03,10,2.0,3.2
94,Rahul Kumar,50.0,Male,Delhi,2020-05-10,228,29.0,2.82
95,Rahul Sharma,22.0,Male,Bangalore,2020-12-18,265,0.0,2.75
96,Sneha Kumar,59.0,Male,Delhi,2020-07-14,438,29.0,4.01
97,Rohit Mehta,56.0,Female,,2022-07-18,248,44.0,3.81
98,Vikas Singh,58.0,Male,,2023-11-06,247,31.0,3.13
99,Sneha Verma,45.0,Female,Kolkata,2022-10-18,155,27.0,3.68
100,Anjali Gupta,24.0,Male,Mumbai,2021-10-06,34,20.0,3.73
101,Priya Yadav,26.0,Female,Chennai,2020-08-14,499,45.0,2.99
102,Sneha Gupta,,,Mumbai,2021-12-01,129,12.0,4.13
103,Rahul Kumar,29.0,Male,Mumbai,2024-02-08,160,26.0,4.45
104,Arjun Verma,51.0,,Chennai,2020-09-21,89,35.0,4.48
105,Pooja Sharma,50.0,Male,Mumbai,2023-10-27,93,6.0,4.01
106,Anjali Gupta,40.0,Female,Bangalore,2023-12-28,327,21.0,3.78
107,Priya Patel,41.0,Male,Bangalore,2021-10-07,241,9.0,2.65
108,Amit Gupta,54.0,Male,Mumbai,2020-07-29,323,38.0,3.22
109,Sneha Reddy,52.0,Female,Kolkata,2023-11-01,468,14.0,2.73
110,Anjali Gupta,57.0,Male,Chennai,2023-11-19,404,14.0,4.91
111,Sneha Yadav,39.0,,Bangalore,2024-01-13,117,3.0,2.84
112,Rahul Joshi,44.0,Female,Kolkata,2022-07-31,94,31.0,2.88
113,Sneha Gupta,52.0,Male,Mumbai,2023-10-19,163,22.0,4.72
114,Rahul Patel,18.0,Male,Kolkata,2021-04-01,99,5.0,4.86
115,Pooja Sharma,52.0,Female,Delhi,2021-12-25,113,23.0,4.41
116,Rahul Mehta,54.0,Female,Bangalore,2023-06-03,359,19.0,2.51
117,Pooja Yadav,31.0,Male,Mumbai,2022-09-08,91,36.0,2.5
118,Priya Mehta,20.0,,Chennai,2023-02-28,346,19.0,3.45
119,Arjun Joshi,,Female,Mumbai,2021-08-10,206,11.0,2.86
120,Rahul Verma,22.0,Female,Chennai,2021-04-20,17,32.0,2.55
121,Rahul Patel,43.0,Male,Mumbai,2022-09-12,274,27.0,3.66
122,Sneha Mehta,31.0,Female,Kolkata,2023-07-24,3000,7.0,4.86
123,Amit Mehta,56.0,Male,,2020-06-04,116,0.0,
124,Anjali Joshi,44.0,,Kolkata,2023-05-26,349,36.0,
125,Sneha Sharma,26.0,Male,,2020-07-08,468,21.0,4.13
126,Rohit Singh,32.0,Male,Chennai,2023-12-11,181,5.0,3.13
127,Vikas Gupta,32.0,Male,Kolkata,2022-09-07,91,20.0,
128,Priya Singh,43.0,Female,Delhi,2021-06-29,82,31.0,3.03
129,Vikas Yadav,59.0,Female,Chennai,2020-02-10,324,,2.81
130,Vikas Yadav,,Female,Mumbai,2020-11-02,449,14.0,4.25
131,Amit Mehta,49.0,Female,Delhi,2022-07-31,114,4.0,2.78
132,Priya Singh,56.0,Male,Bangalore,2020-12-03,257,45.0,4.99
133,Vikas Verma,49.0,Male,Delhi,2023-08-30,58,49.0,2.96
134,Neha Singh,21.0,Male,Delhi,2023-01-03,154,47.0,3.99
135,Neha Gupta,47.0,Male,Chennai,2022-08-10,365,5.0,3.53
136,Pooja Singh,54.0,Female,Mumbai,2020-10-05,404,24.0,2.82
137,Arjun Kumar,40.0,Male,Bangalore,2023-04-14,116,45.0,2.57
138,Pooja Joshi,56.0,Male,Kolkata,2022-06-14,343,39.0,4.06
139,Anjali Reddy,32.0,Female,Kolkata,2020-09-29,266,28.0,
140,Rohit Kumar,46.0,Female,Delhi,2022-04-16,315,6.0,4.61
141,Vikas Gupta,53.0,Female,Chennai,2021-09-11,203,39.0,3.71
142,Pooja Verma,30.0,Female,Chennai,2022-05-11,41,12.0,4.44
143,Neha Sharma,49.0,,Kolkata,2022-07-19,105,,4.18
144,Pooja Mehta,24.0,Male,Bangalore,2020-10-15,389,17.0,4.31
145,Priya Singh,39.0,Female,Mumbai,2021-12-24,378,1.0,3.73
146,Neha Yadav,45.0,Male,Bangalore,2022-06-11,193,7.0,4.08
147,Sneha Patel,19.0,Male,,2020-09-28,401,10.0,4.51
148,Pooja Singh,59.0,Male,Kolkata,2022-12-25,278,32.0,3.49
149,Amit Patel,23.0,Female,Mumbai,2021-04-27,354,37.0,4.51
150,Pooja Kumar,45.0,Male,Chennai,2022-07-24,237,,3.98
151,Anjali Mehta,45.0,Female,,2020-09-04,425,26.0,2.91
152,Sneha Joshi,37.0,Male,Delhi,2020-06-04,221,19.0,
153,Vikas Gupta,47.0,,,2022-12-06,68,11.0,3.41
154,Pooja Patel,28.0,Male,Chennai,2021-03-29,197,42.0,0.5
155,Rahul Patel,45.0,Female,Bangalore,2020-07-19,256,30.0,4.6
156,Amit Yadav,42.0,Male,Chennai,2020-05-03,139,26.0,2.82
157,Pooja Singh,56.0,,Delhi,2020-01-01,1500,31.0,4.5
158,Priya Yadav,50.0,Female,Delhi,2022-08-25,435,9.0,4.66
159,Priya Yadav,18.0,Female,Chennai,2022-05-04,149,2.0,2.88
160,Rohit Mehta,44.0,Male,Chennai,2021-10-01,99,44.0,4.63
161,Arjun Verma,30.0,Male,Delhi,2020-07-09,76,26.0,4.98
162,Rohit Singh,58.0,Male,,2021-05-30,282,34.0,4.32
163,Neha Mehta,20.0,Male,Kolkata,2021-03-17,371,30.0,4.46
164,Vikas Kumar,56.0,Female,Kolkata,2020-05-22,403,14.0,7.0
165,Rohit Patel,23.0,Female,Chennai,2023-04-29,109,15.0,4.01
166,Vikas Reddy,25.0,Female,Kolkata,2021-06-16,188,12.0,3.27
167,Rohit Joshi,44.0,Male,Delhi,2020-08-14,199,48.0,4.59
168,Arjun Reddy,26.0,Female,Delhi,2023-08-29,303,34.0,4.04
169,Pooja Reddy,54.0,Male,Chennai,2022-08-06,327,10.0,3.95
170,Neha Gupta,50.0,Female,,2023-08-18,154,,3.13
171,Anjali Reddy,59.0,Male,Chennai,2021-04-04,40,10.0,4.39
172,Neha Kumar,41.0,Male,Bangalore,2023-11-25,133,29.0,2.7
173,Vikas Gupta,32.0,Female,Kolkata,2021-07-04,405,47.0,4.81
174,Rahul Patel,200.0,,Chennai,2021-01-27,462,34.0,
175,Rahul Patel,49.0,Female,Mumbai,2022-04-24,132,21.0,2.82
176,Neha Reddy,41.0,Female,Mumbai,2023-05-15,279,37.0,3.61
177,Arjun Singh,58.0,,,2020-07-28,362,30.0,2.61
178,Vikas Yadav,29.0,Female,Kolkata,2023-02-12,84,13.0,4.21
179,Neha Kumar,56.0,Female,Chennai,2021-10-07,399,23.0,4.76
180,Arjun Yadav,19.0,Female,Mumbai,2023-06-28,242,49.0,4.59
181,Anjali Mehta,20.0,Male,Kolkata,2020-08-06,116,48.0,2.82
182,Pooja Mehta,,Male,,2021-02-10,109,31.0,2.82
183,Anjali Joshi,34.0,Female,Bangalore,2024-01-06,221,35.0,4.53
184,Amit Patel,19.0,Male,Kolkata,2023-10-09,392,31.0,4.81
185,Anjali Joshi,19.0,,Kolkata,2022-06-06,41,14.0,3.65
186,Neha Mehta,45.0,Male,Bangalore,2021-07-11,368,42.0,3.75
187,Rohit Gupta,40.0,Male,Kolkata,2021-07-03,147,34.0,3.3
188,Priya Kumar,54.0,,Delhi,2020-05-21,112,2.0,4.74
189,Amit Kumar,49.0,Male,,2021-09-03,103,15.0,4.11
190,Anjali Yadav,50.0,Female,,2021-05-15,46,4.0,3.22
191,Rohit Sharma,18.0,Female,Chennai,2022-04-19,412,20.0,3.25
192,Priya Singh,36.0,Female,,2021-12-02,494,9.0,4.73
193,Neha Joshi,,,Chennai,2021-08-18,475,18.0,2.53
194,Pooja Patel,43.0,Female,Kolkata,2020-10-07,324,24.0,3.31
195,Amit Yadav,49.0,Female,Mumbai,2021-02-27,378,3.0,3.89
196,Amit Verma,23.0,Female,Bangalore,2022-05-05,271,28.0,2.87
197,Sneha Patel,49.0,Male,,2020-09-26,483,18.0,2.73
198,Anjali Joshi,21.0,,Mumbai,2020-06-02,421,42.0,4.54
199,Rahul Verma,28.0,Male,Delhi,2021-09-05,385,1.0,4.74
200,Anjali Sharma,34.0,Female,,2021-10-23,195,9.0,4.56
201,Rohit Kumar,55.0,,,2020-03-23,367,42.0,4.75
202,Rahul Reddy,41.0,Female,Delhi,2022-08-04,280,24.0,3.88
203,Neha Kumar,22.0,Male,,2022-06-17,283,19.0,4.53
204,Anjali Joshi,51.0,Male,Mumbai,2023-12-20,40,,3.46
205,Priya Yadav,23.0,Female,Chennai,2023-07-22,447,18.0,
206,Priya Mehta,39.0,,Chennai,2020-10-10,189,22.0,4.97
207,Anjali Singh,28.0,Male,Kolkata,2022-09-06,164,,3.06
208,Anjali Patel,33.0,Male,,2020-06-21,482,10.0,3.47
209,Amit Reddy,,,Mumbai,2023-09-12,477,,3.7
210,Sneha Verma,26.0,Female,Mumbai,2022-12-22,24,33.0,2.85
211,Rahul Yadav,23.0,Male,,2023-01-01,24,27.0,2.7
212,Priya Reddy,,Male,Mumbai,2022-02-01,490,4.0,4.57
213,Pooja Sharma,46.0,,Kolkata,2023-10-30,4,4.0,4.94
214,Sneha Reddy,20.0,Male,Delhi,2021-09-24,323,20.0,3.51
215,Neha Sharma,37.0,,Kolkata,2022-02-25,290,11.0,2.72
216,Rahul Mehta,53.0,Female,Kolkata,2022-07-31,441,49.0,2.66
217,Sneha Kumar,36.0,Male,Mumbai,2022-10-08,433,3.0,4.73
218,Rahul Patel,43.0,Male,Delhi,2021-02-01,471,48.0,3.66
219,Neha Singh,20.0,,Mumbai,2023-02-17,181,41.0,3.3
220,Neha Singh,36.0,Male,Bangalore,2022-07-22,248,19.0,3.69
221,Amit Mehta,37.0,Male,Mumbai,2023-12-31,116,37.0,3.3
222,Vikas Reddy,49.0,Male,Mumbai,2021-11-06,279,24.0,3.72
223,Sneha Joshi,24.0,,,2022-07-24,365,13.0,4.65
224,Amit Gupta,58.0,,Delhi,2021-04-09,69,10.0,3.98
225,Vikas Singh,50.0,Female,Mumbai,2020-10-12,351,31.0,4.24
226,Anjali Yadav,57.0,Female,,2020-09-21,254,10.0,3.41
227,Rahul Kumar,56.0,Male,Chennai,2020-11-15,181,17.0,4.35
228,Sneha Verma,35.0,Female,Bangalore,2021-11-03,318,26.0,4.17
229,Amit Yadav,57.0,Female,Delhi,2023-10-31,169,17.0,2.8
230,Neha Joshi,18.0,,Chennai,2022-03-30,313,22.0,3.93
231,Neha Yadav,28.0,Female,Delhi,2020-03-29,249,10.0,3.14
232,Anjali Singh,45.0,Female,,2023-05-11,188,20.0,4.51
233,Anjali Joshi,42.0,Female,Bangalore,2022-03-31,54,43.0,3.56
234,Priya Gupta,40.0,Male,Kolkata,2022-09-27,326,4.0,4.99
235,Sneha Joshi,48.0,Female,Kolkata,2020-11-29,357,22.0,2.73
236,Rahul Mehta,47.0,Female,Delhi,2020-08-09,313,40.0,4.45
237,Arjun Mehta,59.0,Female,Mumbai,2020-02-10,138,24.0,4.18
238,Rahul Kumar,52.0,,,2020-03-08,168,40.0,4.42
239,Sneha Gupta,24.0,Female,Mumbai,2022-09-14,391,9.0,3.27
240,Priya Verma,33.0,Male,Mumbai,2021-05-28,103,21.0,3.73
241,Priya Sharma,43.0,Female,Delhi,2023-02-24,422,18.0,4.49
242,Arjun Mehta,19.0,,,2023-07-02,85,0.0,3.08
243,Rohit Mehta,18.0,Male,,2021-11-25,317,6.0,3.07
244,Amit Gupta,29.0,Female,Delhi,2022-11-05,212,3.0,3.88
245,Vikas Joshi,22.0,Female,Kolkata,2021-04-21,3,0.0,3.81
246,Priya Singh,54.0,Male,Delhi,2022-12-21,384,14.0,3.21
247,Arjun Reddy,49.0,Female,Kolkata,2022-05-30,179,39.0,3.25
248,Vikas Kumar,26.0,Male,Kolkata,2021-03-07,342,11.0,3.19
249,Priya Mehta,58.0,Male,Delhi,2020-09-24,303,21.0,
250,Rohit Patel,52.0,Male,,2022-11-24,452,21.0,4.13
251,Rahul Yadav,36.0,Male,Chennai,2022-02-17,476,49.0,4.58
252,Arjun Sharma,33.0,Male,Mumbai,2021-05-08,332,46.0,4.94
253,Rahul Singh,20.0,Female,Kolkata,2024-02-01,38,16.0,3.69
254,Amit Reddy,,Male,Chennai,2021-10-22,499,28.0,2.67
255,Rahul Joshi,,Male,Bangalore,2023-09-10,420,45.0,2.62
256,Sneha Verma,50.0,Female,Mumbai,2023-08-20,239,13.0,3.24
257,Neha Kumar,41.0,Male,Mumbai,2023-07-23,169,49.0,4.83
258,Vikas Reddy,28.0,Female,Kolkata,2022-10-09,453,19.0,3.81
259,Vikas Kumar,25.0,Female,Delhi,2023-05-09,397,,3.18
260,Anjali Sharma,53.0,Female,,2024-01-08,343,47.0,3.5
261,Pooja Reddy,55.0,Male,,2023-09-09,314,32.0,4.0
262,Priya Singh,57.0,Male,Bangalore,2022-11-24,306,42.0,
263,Rohit Singh,37.0,Male,Delhi,2022-09-03,30,14.0,2.88
264,Vikas Joshi,52.0,Female,Delhi,2021-04-26,190,11.0,4.94
265,Pooja Sharma,42.0,Male,Kolkata,2021-12-28,357,39.0,3.86
266,Priya Singh,52.0,Female,Delhi,2021-04-24,25,19.0,2.84
267,Arjun Gupta,42.0,Male,,2022-12-24,112,29.0,
268,Neha Singh,46.0,Female,Mumbai,2022-10-28,411,37.0,2.69
269,Sneha Mehta,35.0,Male,Kolkata,2023-08-17,435,2.0,4.77
270,Anjali Sharma,35.0,Male,Bangalore,2020-12-08,206,27.0,4.99
271,Priya Patel,19.0,Male,Chennai,2023-12-25,185,25.0,4.25
272,Arjun Patel,52.0,Female,Kolkata,2023-12-18,382,29.0,4.43
273,Amit Reddy,33.0,Female,Delhi,2020-11-27,496,12.0,3.34
274,Rohit Verma,58.0,Male,Delhi,2021-03-13,379,12.0,4.85
275,Priya Reddy,53.0,Male,Delhi,2020-06-22,47,1.0,3.82
276,Sneha Joshi,50.0,Female,Delhi,2021-07-12,374,36.0,4.33
277,Neha Patel,21.0,Female,Bangalore,2021-06-10,228,48.0,4.81
278,Pooja Yadav,50.0,Female,Chennai,2021-10-20,39,37.0,4.94
279,Neha Joshi,31.0,Male,Mumbai,2020-01-26,16,1.0,4.58
280,Pooja Patel,38.0,Female,Bangalore,2022-03-30,22,35.0,3.26
281,Arjun Patel,37.0,Male,Bangalore,2021-08-27,213,25.0,4.92
282,Priya Gupta,25.0,Female,Mumbai,2021-02-09,310,10.0,4.07
283,Anjali Sharma,24.0,,,2020-08-19,149,7.0,4.83
284,Amit Gupta,20.0,Female,Delhi,2021-06-16,456,43.0,4.19
285,Anjali Verma,34.0,,Bangalore,2021-05-19,241,39.0,3.27
286,Rahul Yadav,50.0,,Kolkata,2020-06-27,272,42.0,3.43
287,Arjun Singh,29.0,Female,Mumbai,2020-05-11,59,21.0,3.88
288,Sneha Kumar,39.0,Female,Mumbai,2024-01-18,287,19.0,4.48
289,Rohit Mehta,39.0,Male,Chennai,2020-12-13,426,7.0,3.29
290,Arjun Patel,47.0,,Kolkata,2021-06-23,202,28.0,3.95
291,Anjali Yadav,55.0,Female,Kolkata,2022-02-10,32,39.0,3.36
292,Priya Singh,55.0,Female,Mumbai,2023-11-30,443,25.0,4.54
293,Priya Verma,25.0,Male,Delhi,2020-03-16,162,29.0,3.67
294,Pooja Mehta,44.0,Female,Chennai,2021-08-01,255,16.0,2.69
295,Rahul Singh,44.0,Male,Kolkata,2022-05-03,254,19.0,2.92
296,Arjun Reddy,51.0,Female,Mumbai,2020-07-12,9,15.0,2.65
297,Priya Singh,38.0,Female,Kolkata,2023-03-31,465,45.0,3.75
298,Rohit Verma,47.0,Male,,2020-12-12,139,42.0,2.77
299,Amit Singh,50.0,Female,Chennai,2022-08-08,480,6.0,2.79
300,Rohit Sharma,45.0,Male,Bangalore,2023-10-16,10,15.0,4.85
301,Arjun Gupta,50.0,Male,Mumbai,2023-01-15,214,44.0,4.68
302,Anjali Joshi,,Female,Chennai,2023-07-09,273,46.0,3.63
303,Rahul Sharma,36.0,Male,Bangalore,2020-08-01,324,47.0,4.96
304,Anjali Kumar,,Female,Bangalore,2021-07-26,48,26.0,2.5
305,Rohit Mehta,52.0,Female,Kolkata,2022-02-18,436,22.0,4.03
306,Rohit Patel,34.0,Male,Kolkata,2020-09-18,111,23.0,4.04
307,Arjun Joshi,45.0,Male,Bangalore,2021-12-30,153,8.0,3.64
308,Anjali Verma,47.0,Male,,2020-10-09,123,34.0,8.0
309,Rahul Singh,46.0,Male,Chennai,2024-01-30,405,19.0,3.64
310,Sneha Patel,23.0,Female,Delhi,2023-11-04,357,36.0,3.54
311,Amit Reddy,52.0,Female,,2020-12-27,102,41.0,4.33
312,Rahul Yadav,58.0,Male,Bangalore,2024-01-12,241,16.0,2.84
313,Rahul Reddy,54.0,Female,Bangalore,2021-03-16,321,46.0,2.99
314,Priya Patel,41.0,,Chennai,2020-04-02,191,30.0,2.95
315,Arjun Mehta,46.0,Female,Kolkata,2022-01-22,217,7.0,3.16
316,Arjun Gupta,48.0,Female,Kolkata,2022-05-16,51,14.0,3.81
317,Sneha Mehta,52.0,Male,Bangalore,2023-12-18,292,30.0,2.78
318,Arjun Gupta,50.0,Male,Mumbai,2020-05-21,81,29.0,4.67
319,Neha Kumar,38.0,Female,,2023-08-07,489,45.0,3.24
320,Arjun Singh,49.0,Male,Chennai,2023-12-26,383,19.0,2.91
321,Neha Kumar,40.0,Male,Kolkata,2022-01-18,88,38.0,4.19
322,Neha Singh,50.0,Male,Chennai,2021-10-14,194,11.0,2.6
323,Pooja Reddy,20.0,Female,Bangalore,2021-12-01,104,48.0,
324,Amit Singh,35.0,Female,Kolkata,2022-09-24,271,16.0,4.25
325,Neha Verma,42.0,Female,Chennai,2020-02-18,96,41.0,3.04
326,Neha Reddy,,Male,Bangalore,2023-08-18,423,29.0,2.6
327,Anjali Sharma,48.0,Female,Mumbai,2022-05-30,379,28.0,3.41
328,Amit Verma,20.0,Female,Chennai,2023-04-28,198,18.0,2.75
329,Rahul Verma,57.0,Male,Mumbai,2023-03-05,1,45.0,2.79
330,Vikas Singh,41.0,Female,,2021-07-08,495,10.0,3.14
331,Amit Singh,49.0,Female,Delhi,2021-02-07,407,33.0,3.24
332,Vikas Kumar,39.0,Male,Kolkata,2022-06-10,378,49.0,3.82
333,Neha Mehta,40.0,Male,,2022-05-14,167,6.0,4.2
334,Rohit Singh,19.0,Male,Mumbai,2021-08-24,126,43.0,3.98
335,Sneha Mehta,44.0,Female,,2020-12-06,313,33.0,2.87
336,Rahul Kumar,59.0,Female,Bangalore,2021-12-04,81,19.0,2.93
337,Vikas Verma,19.0,Female,Chennai,2020-11-13,418,49.0,4.7
338,Vikas Reddy,43.0,Male,Mumbai,2021-09-09,251,37.0,3.9
339,Neha Kumar,34.0,Male,Kolkata,2023-10-18,169,23.0,4.67
340,Rahul Singh,,Female,Delhi,2021-01-16,477,9.0,3.43
341,Neha Verma,50.0,Female,Mumbai,2020-08-20,73,31.0,4.04
342,Pooja Verma,26.0,Male,Kolkata,2023-09-29,141,14.0,3.81
343,Neha Kumar,56.0,Male,Mumbai,2022-03-27,70,36.0,3.3
344,Sneha Reddy,46.0,Male,Chennai,2021-07-06,262,19.0,3.67
345,Vikas Kumar,59.0,Male,Chennai,2022-05-05,340,2.0,3.76
346,Neha Verma,43.0,Female,Chennai,2022-03-29,308,36.0,
347,Neha Sharma,52.0,Male,Delhi,2020-07-01,245,39.0,3.29
348,Pooja Gupta,42.0,Female,Chennai,2022-11-30,3,7.0,4.48
349,Rahul Mehta,41.0,Female,Kolkata,2021-01-31,337,39.0,4.79
350,Arjun Verma,30.0,,Mumbai,2022-02-17,63,43.0,3.4
351,Anjali Sharma,24.0,Male,Bangalore,2022-06-25,49,22.0,3.27
352,Arjun Yadav,53.0,,,2023-09-18,76,39.0,2.99
353,Priya Patel,37.0,Male,Kolkata,2020-05-06,368,10.0,4.2
354,Rohit Singh,,Male,Chennai,2020-01-01,175,45.0,3.31
355,Pooja Yadav,25.0,Female,Delhi,2023-04-06,109,7.0,
356,Neha Singh,33.0,Male,Mumbai,2020-01-19,183,28.0,3.31
357,Neha Mehta,31.0,Male,Delhi,2023-09-17,192,29.0,3.49
358,Amit Yadav,29.0,Female,Mumbai,2021-08-06,65,9.0,
359,Anjali Kumar,40.0,Male,Mumbai,2021-03-31,337,38.0,4.5
360,Priya Patel,32.0,Female,Delhi,2022-08-14,451,27.0,3.67
361,Neha Patel,45.0,Female,Kolkata,2023-02-06,474,48.0,3.56
362,Priya Patel,51.0,Female,Mumbai,2023-07-15,271,35.0,4.99
363,Amit Gupta,,Female,,2021-03-20,100,12.0,2.53
364,Priya Patel,49.0,Female,Mumbai,2023-06-17,32,31.0,4.74
365,Vikas Mehta,40.0,Female,Bangalore,2023-08-17,352,35.0,2.87
366,Rohit Reddy,39.0,Female,Kolkata,2021-08-24,128,36.0,4.46
367,Sneha Patel,42.0,Female,Chennai,2020-04-12,452,25.0,4.04
368,Arjun Reddy,39.0,Male,Mumbai,2022-09-14,402,21.0,3.35
369,Arjun Yadav,39.0,Male,Bangalore,2023-06-27,369,3.0,4.68
370,Arjun Mehta,59.0,Male,Chennai,2024-01-16,339,30.0,2.53
371,Amit Kumar,23.0,,Chennai,2021-06-03,43,,3.07
372,Arjun Kumar,32.0,Female,Mumbai,2023-03-22,372,37.0,3.92
373,Anjali Kumar,54.0,Male,,2022-05-08,419,23.0,3.38
374,Anjali Kumar,50.0,Female,Mumbai,2020-06-22,488,22.0,4.03
375,Amit Patel,25.0,Male,Bangalore,2023-09-28,78,21.0,2.56
376,Amit Kumar,22.0,Male,,2022-10-01,314,1.0,2.79
377,Neha Reddy,56.0,Male,Mumbai,2021-03-06,289,30.0,2.82
378,Sneha Reddy,21.0,Female,Delhi,2021-12-27,270,10.0,2.97
379,Amit Mehta,23.0,Male,Mumbai,2022-04-29,162,27.0,3.65
380,Anjali Gupta,49.0,Female,Kolkata,2023-09-09,189,45.0,4.38
381,Rohit Gupta,47.0,Female,Delhi,2022-09-16,247,31.0,4.76
382,Amit Patel,52.0,Male,Bangalore,2021-09-30,388,4.0,4.59
383,Rohit Kumar,57.0,Male,Chennai,2021-02-23,216,37.0,2.99
384,Priya Kumar,33.0,,Mumbai,2021-08-16,315,9.0,3.6
385,Priya Gupta,30.0,Female,Delhi,2021-04-29,413,39.0,3.0
386,Pooja Mehta,59.0,Male,Kolkata,2021-02-15,339,45.0,3.16
387,Vikas Verma,47.0,,Delhi,2022-07-24,390,23.0,3.76
388,Amit Singh,36.0,Female,,2023-01-12,377,34.0,2.67
389,Vikas Joshi,34.0,Male,Bangalore,2023-02-10,481,43.0,3.05
390,Arjun Kumar,36.0,,Chennai,2020-11-27,433,47.0,4.84
391,Anjali Mehta,45.0,Female,Bangalore,2023-11-02,168,22.0,3.67
392,Rahul Singh,43.0,,Mumbai,2021-10-16,339,16.0,3.61
393,Anjali Sharma,54.0,Female,Delhi,2020-02-10,193,0.0,2.54
394,Priya Mehta,43.0,Male,,2022-08-16,453,30.0,3.12
395,Rohit Mehta,40.0,Female,Kolkata,2020-04-14,283,30.0,4.67
396,Rohit Singh,26.0,Male,Delhi,2020-07-20,336,41.0,2.91
397,Amit Joshi,29.0,Female,Delhi,2021-03-25,390,41.0,3.54
398,Amit Sharma,18.0,Female,Mumbai,2023-07-13,488,33.0,2.54
399,Neha Joshi,18.0,Male,Bangalore,2022-06-28,13,,3.7
400,Pooja Sharma,5.0,Female,Kolkata,2020-07-28,240,21.0,2.55
401,Priya Singh,49.0,Male,Mumbai,2021-07-16,320,12.0,4.55
402,Pooja Reddy,42.0,Male,Bangalore,2023-02-15,446,24.0,4.56
403,Amit Joshi,57.0,Female,Mumbai,2021-12-13,483,47.0,4.47
404,Pooja Sharma,18.0,Male,Kolkata,2023-11-01,147,17.0,3.21
405,Amit Mehta,33.0,Male,Delhi,2022-02-09,204,11.0,4.59
406,Pooja Sharma,56.0,Female,Delhi,2023-01-12,80,39.0,3.86
407,Arjun Verma,22.0,Male,Bangalore,2021-03-29,379,16.0,3.43
408,Vikas Yadav,39.0,Male,Chennai,2021-10-28,43,14.0,4.06
409,Sneha Joshi,46.0,Male,Bangalore,2021-09-20,458,41.0,2.53
410,Neha Joshi,20.0,Female,Chennai,2021-01-21,89,14.0,2.86
411,Arjun Joshi,29.0,Male,,2023-10-05,148,14.0,4.36
412,Neha Patel,43.0,Female,Mumbai,2020-10-22,95,38.0,3.11
413,Pooja Patel,33.0,Female,Kolkata,2020-09-14,452,12.0,4.0
414,Rohit Singh,,Male,Chennai,2023-01-09,428,16.0,3.46
415,Amit Singh,39.0,Male,Kolkata,2020-09-24,151,31.0,4.64
416,Pooja Patel,46.0,Male,Delhi,2021-02-22,2,8.0,4.88
417,Vikas Mehta,31.0,,Chennai,2020-08-22,376,39.0,4.71
418,Vikas Kumar,45.0,,Bangalore,2023-08-27,22,19.0,3.18
419,Rohit Gupta,22.0,,,2022-09-12,371,25.0,2.99
420,Neha Gupta,47.0,Male,Delhi,2023-10-12,313,26.0,3.69
421,Vikas Sharma,22.0,Male,Bangalore,2023-05-21,485,20.0,2.52
422,Priya Reddy,,,Delhi,2021-07-27,328,17.0,
423,Amit Reddy,33.0,Female,Chennai,2020-02-18,7,12.0,3.88
424,Rahul Reddy,,Female,Kolkata,2023-02-24,206,15.0,3.8
425,Amit Reddy,43.0,Male,Delhi,2020-08-10,440,8.0,4.99
426,Sneha Kumar,38.0,Male,Chennai,2022-07-09,375,11.0,
427,Rohit Kumar,56.0,Male,Mumbai,2023-07-26,451,43.0,3.15
428,Neha Patel,53.0,Male,Chennai,2023-12-02,114,37.0,2.78
429,Arjun Kumar,50.0,Female,Kolkata,2023-08-10,272,18.0,4.79
430,Amit Singh,,,Chennai,2020-10-03,83,6.0,4.44
431,Anjali Kumar,54.0,Female,Bangalore,2024-01-01,179,34.0,4.56
432,Arjun Mehta,40.0,Female,Kolkata,2023-02-04,210,47.0,4.76
433,Arjun Joshi,27.0,Male,Mumbai,2021-02-23,464,,3.81
434,Amit Gupta,22.0,Female,Bangalore,2021-09-02,328,15.0,3.63
435,Arjun Patel,53.0,Female,Chennai,2023-12-23,124,38.0,3.33
436,Amit Yadav,51.0,Female,Kolkata,2021-01-09,481,3.0,3.97
437,Pooja Verma,48.0,Female,Mumbai,2020-03-13,113,24.0,3.64
438,Amit Joshi,27.0,Male,Bangalore,2022-11-19,12,31.0,3.63
439,Neha Joshi,36.0,Male,Mumbai,2023-04-26,126,39.0,4.84
440,Rahul Kumar,49.0,Female,Chennai,2023-10-19,53,12.0,4.96
441,Pooja Patel,,,Mumbai,2024-01-14,331,44.0,4.49
442,Rohit Patel,22.0,Male,Delhi,2020-07-13,389,16.0,4.39
443,Neha Singh,,Male,Bangalore,2023-03-25,283,48.0,
444,Neha Joshi,33.0,Male,Mumbai,2023-04-10,140,36.0,2.92
445,Pooja Verma,41.0,Male,Chennai,2022-04-26,401,5.0,2.65
446,Neha Verma,33.0,Female,Chennai,2022-11-30,390,18.0,4.23
447,Sneha Joshi,19.0,Male,Mumbai,2022-12-22,97,12.0,4.32
448,Sneha Mehta,45.0,Male,Chennai,2020-01-23,5,25.0,2.62
449,Pooja Gupta,49.0,Male,,2020-12-25,57,13.0,4.82
450,Amit Mehta,44.0,Male,,2023-01-03,412,30.0,2.73
451,Neha Patel,37.0,Female,Kolkata,2021-07-13,334,3.0,3.21
452,Anjali Yadav,41.0,Female,Delhi,2021-11-02,69,38.0,4.18
453,Anjali Yadav,29.0,Female,Mumbai,2023-02-15,118,7.0,2.92
454,Rohit Singh,52.0,Female,Delhi,2023-11-04,376,24.0,2.64
455,Neha Yadav,,Male,Chennai,2021-11-09,59,12.0,3.33
456,Anjali Mehta,50.0,Female,Delhi,2023-08-06,33,31.0,4.41
457,Neha Yadav,54.0,Male,Chennai,2021-03-15,318,37.0,3.53
458,Arjun Kumar,29.0,Male,Chennai,2022-07-21,50,37.0,4.13
459,Anjali Sharma,20.0,,Bangalore,2020-01-07,368,27.0,3.95
460,Rohit Verma,18.0,Male,Kolkata,2023-05-04,489,29.0,2.56
461,Rohit Kumar,50.0,,Chennai,2021-02-24,19,2.0,4.97
462,Anjali Singh,57.0,Female,Bangalore,2022-04-12,214,27.0,2.6
463,Pooja Joshi,27.0,Female,Kolkata,2023-05-01,197,2.0,4.92
464,Rahul Kumar,46.0,Female,Chennai,2021-07-12,379,44.0,3.87
465,Pooja Joshi,30.0,Female,Chennai,2023-03-17,450,33.0,4.91
466,Priya Reddy,29.0,Male,Delhi,2023-05-10,478,15.0,2.79
467,Rohit Patel,48.0,Female,Delhi,2024-01-07,47,21.0,3.73
468,Vikas Reddy,19.0,Male,Kolkata,2022-07-02,167,31.0,2.92
469,Anjali Singh,52.0,Female,Chennai,2023-12-13,452,37.0,2.63
470,Anjali Sharma,40.0,Male,Mumbai,2023-12-21,289,7.0,4.04
471,Vikas Verma,34.0,Male,Delhi,2022-10-03,141,7.0,3.02
472,Vikas Sharma,43.0,Female,Kolkata,2024-02-07,84,5.0,
473,Neha Yadav,25.0,Male,Chennai,2020-05-05,182,13.0,9.0
474,Priya Gupta,46.0,Male,Chennai,2021-01-29,391,31.0,3.33
475,Arjun Singh,43.0,Female,Mumbai,2022-03-27,79,34.0,4.45
476,Rahul Kumar,27.0,Male,Kolkata,2022-05-30,215,9.0,3.59
477,Priya Yadav,,Female,Chennai,2021-07-29,14,2.0,4.07
478,Pooja Gupta,51.0,Female,Delhi,2020-11-20,215,11.0,4.12
479,Pooja Gupta,58.0,Female,Mumbai,2023-11-16,403,,4.61
480,Anjali Gupta,24.0,Male,Kolkata,2022-07-18,128,30.0,3.31
481,Anjali Kumar,21.0,Male,Mumbai,2024-01-03,310,28.0,4.22
482,Anjali Yadav,28.0,Male,Delhi,2023-05-12,477,4.0,4.9
483,Neha Gupta,46.0,Female,Kolkata,2022-04-12,248,24.0,4.33
484,Rahul Yadav,,Male,Mumbai,2022-11-20,404,40.0,3.72
485,Pooja Patel,42.0,Female,Bangalore,2023-11-12,29,30.0,4.08
486,Vikas Kumar,38.0,Female,Delhi,2023-12-28,280,20.0,4.35
487,Neha Mehta,,Male,,2022-04-16,338,19.0,4.03
488,Rohit Reddy,27.0,Female,Delhi,2022-07-14,319,38.0,2.54
489,Amit Verma,,Male,Bangalore,2023-10-31,202,21.0,2.99
490,Vikas Sharma,26.0,Male,Bangalore,2023-09-29,361,3.0,4.53
491,Pooja Patel,41.0,Male,Chennai,2021-03-18,57,12.0,3.18
492,Pooja Yadav,52.0,Male,Mumbai,2020-03-15,392,44.0,4.33
493,Rahul Gupta,52.0,Male,Chennai,2021-07-10,218,41.0,3.43
494,Sneha Gupta,53.0,Female,Mumbai,2023-03-24,62,49.0,3.8
495,Rohit Yadav,,Female,Bangalore,2023-12-24,157,48.0,2.67
496,Pooja Verma,56.0,Female,,2020-12-28,202,19.0,2.95
497,Pooja Joshi,49.0,Male,Chennai,2021-03-23,17,12.0,4.89
498,Priya Mehta,41.0,Male,Kolkata,2023-06-11,322,16.0,
499,Amit Yadav,40.0,Male,Chennai,2020-09-18,6,35.0,4.13
500,Vikas Verma,49.0,Female,Mumbai,2020-05-04,58,32.0,3.65
501,Pooja Yadav,,Male,Chennai,2022-06-29,325,0.0,4.19
502,Neha Gupta,29.0,Female,Delhi,2020-09-01,412,14.0,4.05
503,Neha Reddy,30.0,Female,Mumbai,2021-06-25,318,12.0,3.92
504,Priya Sharma,40.0,Male,Mumbai,2021-04-29,169,,2.65
505,Rohit Sharma,42.0,Male,Kolkata,2020-05-01,453,23.0,4.08
506,Vikas Gupta,,Female,Bangalore,2020-05-04,82,7.0,4.42
507,Pooja Singh,58.0,Male,Mumbai,2020-06-18,474,49.0,4.99
508,Priya Patel,,Female,Bangalore,2020-05-03,468,26.0,2.53
509,Anjali Patel,34.0,,Chennai,2022-11-24,425,44.0,4.33
510,Pooja Sharma,37.0,Male,Delhi,2023-01-15,433,22.0,3.93
511,Sneha Sharma,42.0,Female,Kolkata,2021-10-07,219,45.0,
512,Anjali Joshi,39.0,Male,Bangalore,2022-02-24,177,7.0,2.82
513,Rohit Joshi,30.0,Female,Mumbai,2020-07-19,204,7.0,3.52
514,Amit Gupta,,Male,Bangalore,2021-01-03,71,25.0,3.39
515,Sneha Gupta,53.0,Female,Mumbai,2022-03-07,387,46.0,3.26
516,Sneha Verma,29.0,Female,Bangalore,2020-03-17,266,12.0,4.33
517,Amit Sharma,58.0,Male,Mumbai,2020-02-28,98,38.0,4.25
518,Neha Yadav,,,Chennai,2021-03-06,345,36.0,3.97
519,Rahul Gupta,29.0,Male,Mumbai,2021-09-29,291,48.0,4.85
520,Rahul Verma,26.0,Male,Mumbai,2020-04-18,208,27.0,3.37
521,Sneha Singh,24.0,Male,Delhi,2022-10-04,2,24.0,3.11
522,Sneha Yadav,45.0,Female,Mumbai,2023-07-25,124,,4.14
523,Pooja Patel,31.0,Female,Delhi,2020-03-08,280,1.0,3.0
524,Amit Gupta,48.0,,Kolkata,2022-12-28,74,17.0,3.29
525,Amit Singh,36.0,Male,Delhi,2023-04-03,166,16.0,3.06
526,Neha Joshi,33.0,Female,Chennai,2020-10-31,22,29.0,2.67
527,Neha Patel,22.0,Male,Delhi,2021-11-04,154,38.0,4.57
528,Rohit Mehta,52.0,Male,,2020-12-30,427,12.0,3.14
529,Priya Gupta,29.0,Female,Chennai,2022-03-31,439,31.0,3.68
530,Priya Sharma,42.0,Male,Bangalore,2023-11-03,295,49.0,2.61
531,Vikas Kumar,,Female,,2020-12-08,219,28.0,4.25
532,Rahul Gupta,53.0,Male,Delhi,2022-08-04,157,45.0,3.33
533,Amit Verma,40.0,Female,Delhi,2022-06-17,495,29.0,4.36
534,Pooja Joshi,33.0,Male,Kolkata,2023-10-09,230,17.0,3.53
535,Amit Sharma,56.0,Male,Kolkata,2023-12-10,20,12.0,2.99
536,Rohit Patel,59.0,Female,Mumbai,2023-02-06,475,,3.78
537,Rohit Sharma,56.0,,Kolkata,2022-01-31,41,20.0,2.83
538,Arjun Verma,31.0,Female,Mumbai,2020-12-06,438,29.0,3.6
539,Neha Kumar,48.0,,Chennai,2022-07-30,148,20.0,3.29
540,Priya Mehta,22.0,Female,Delhi,2021-01-17,108,47.0,4.78
541,Rohit Singh,,Female,Chennai,2022-09-30,403,16.0,2.65
542,Rohit Joshi,40.0,,Kolkata,2020-10-26,84,39.0,4.24
543,Rohit Reddy,46.0,Female,Chennai,2020-05-18,483,18.0,2.96
544,Priya Mehta,28.0,Male,Chennai,2020-12-24,367,14.0,
545,Rahul Reddy,35.0,Male,Chennai,2022-04-15,322,8.0,3.54
546,Rohit Gupta,,Female,,2023-11-09,414,9.0,4.77
547,Sneha Patel,26.0,Female,Chennai,2023-07-27,309,43.0,3.11
548,Rahul Verma,27.0,,Mumbai,2021-04-27,290,30.0,2.73
549,Arjun Kumar,34.0,Male,Kolkata,2022-06-27,406,22.0,3.3
550,Anjali Patel,55.0,Male,Chennai,2023-02-08,323,29.0,2.76
551,Neha Joshi,24.0,Male,Kolkata,2022-05-15,134,32.0,2.82
552,Sneha Sharma,30.0,Male,Bangalore,2020-05-18,207,8.0,3.93
553,Arjun Gupta,57.0,Female,Mumbai,2022-09-22,283,46.0,2.65
554,Rohit Sharma,59.0,Female,Chennai,2021-03-10,266,,2.58
555,Amit Gupta,26.0,Female,Bangalore,2021-05-23,73,43.0,4.29
556,Rahul Kumar,44.0,Male,Bangalore,2020-09-29,481,34.0,3.4
557,Sneha Verma,19.0,,Kolkata,2023-01-27,352,10.0,2.81
558,Vikas Joshi,22.0,Male,Bangalore,2020-04-13,48,33.0,3.13
559,Rahul Mehta,46.0,,Mumbai,2023-05-22,326,15.0,4.11
560,Priya Kumar,54.0,Female,Mumbai,2022-01-31,233,8.0,3.19
561,Vikas Reddy,55.0,Male,Delhi,2022-02-25,443,31.0,3.74
562,Sneha Reddy,36.0,Female,Mumbai,2020-06-13,100,14.0,2.8
563,Rahul Reddy,25.0,Male,Bangalore,2022-09-25,59,11.0,3.97
564,Amit Reddy,18.0,Male,Mumbai,2021-06-03,258,32.0,3.29
565,Neha Sharma,39.0,,Kolkata,2023-07-31,413,44.0,4.07
566,Neha Gupta,34.0,Male,Delhi,2021-05-31,452,13.0,4.52
567,Anjali Singh,24.0,Female,Bangalore,2021-10-18,65,7.0,4.03
568,Amit Gupta,42.0,Male,Delhi,2021-09-04,83,7.0,3.24
569,Rahul Sharma,21.0,Female,Bangalore,2020-06-12,154,26.0,3.14
570,Anjali Sharma,53.0,Female,Kolkata,2020-03-04,473,11.0,3.32
571,Priya Patel,23.0,,Delhi,2023-01-19,266,0.0,2.91
572,Amit Gupta,48.0,Male,Chennai,2023-02-14,309,42.0,2.95
573,Vikas Mehta,36.0,,Bangalore,2020-09-23,79,39.0,4.48
574,Sneha Gupta,56.0,Female,Chennai,2023-03-09,315,41.0,3.46
575,Amit Reddy,44.0,Female,Delhi,2020-09-02,150,10.0,3.59
576,Vikas Patel,,,,2021-01-29,435,38.0,3.99
577,Amit Joshi,43.0,Male,Chennai,2021-04-20,48,42.0,3.97
578,Priya Yadav,36.0,Male,Delhi,2022-09-03,405,30.0,2.67
579,Rohit Kumar,56.0,Female,Kolkata,2023-04-22,379,16.0,4.58
580,Neha Singh,20.0,Male,Chennai,2022-11-09,248,32.0,2.94
581,Rohit Kumar,30.0,Male,Chennai,2021-07-11,278,31.0,4.31
582,Rahul Joshi,45.0,Female,Kolkata,2022-10-14,356,28.0,4.43
583,Pooja Singh,37.0,Male,Chennai,2022-06-01,98,20.0,4.29
584,Vikas Mehta,45.0,,Chennai,2020-05-26,414,20.0,3.95
585,Pooja Mehta,25.0,,Chennai,2021-10-27,25,39.0,2.54
586,Amit Singh,58.0,,Mumbai,2023-08-20,493,22.0,3.4
587,Rohit Yadav,56.0,Female,Kolkata,2021-09-11,284,5.0,4.01
588,Arjun Yadav,,Female,Chennai,2022-03-30,449,21.0,3.47
589,Sneha Verma,20.0,Female,Kolkata,2022-05-13,369,49.0,4.66
590,Pooja Joshi,30.0,Female,Bangalore,2021-08-04,301,37.0,3.27
591,Vikas Joshi,45.0,Female,Bangalore,2022-10-19,68,36.0,3.23
592,Anjali Yadav,42.0,Female,Chennai,2021-11-25,7,44.0,3.16
593,Amit Patel,50.0,Male,Kolkata,2023-06-05,305,7.0,3.33
594,Rahul Verma,,Male,Kolkata,2023-01-30,137,40.0,3.89
595,Priya Gupta,23.0,Female,Kolkata,2023-12-11,164,48.0,4.27
596,Sneha Joshi,49.0,Male,Mumbai,2023-05-24,83,34.0,4.16
597,Pooja Patel,38.0,Male,Bangalore,2021-02-10,385,,4.52
598,Vikas Kumar,33.0,Female,Kolkata,2021-02-02,138,23.0,4.71
599,Vikas Reddy,38.0,Male,Kolkata,2021-12-15,420,48.0,4.54
600,Priya Patel,28.0,Male,Mumbai,2021-12-04,73,20.0,2.55
601,Anjali Gupta,54.0,Male,Mumbai,2022-01-30,237,1.0,4.34
602,Priya Joshi,53.0,,Kolkata,2021-05-13,46,39.0,3.02
603,Amit Verma,52.0,Male,Delhi,2024-01-28,106,18.0,2.83
604,Arjun Reddy,36.0,Female,Kolkata,2022-08-31,416,38.0,4.1
605,Arjun Singh,,Female,Kolkata,2020-03-22,288,27.0,3.3
606,Sneha Gupta,35.0,Female,Mumbai,2021-08-26,262,16.0,
607,Neha Yadav,,Male,Mumbai,2022-02-10,176,5.0,2.84
608,Amit Mehta,31.0,Female,Kolkata,2022-06-21,166,18.0,2.5
609,Anjali Reddy,,Male,Kolkata,2020-12-30,145,37.0,4.76
610,Anjali Verma,48.0,,Kolkata,2020-06-11,330,27.0,2.56
611,Anjali Mehta,,Male,Mumbai,2022-12-07,370,1.0,
612,Rahul Singh,20.0,,Kolkata,2021-05-25,283,37.0,3.54
613,Anjali Singh,33.0,Female,Kolkata,2023-09-14,54,36.0,3.39
614,Vikas Gupta,40.0,Female,Chennai,2020-04-25,178,3.0,4.78
615,Rahul Singh,28.0,,Delhi,2022-07-29,419,21.0,2.6
616,Rohit Patel,29.0,Female,Bangalore,2020-12-02,244,25.0,3.78
617,Priya Verma,27.0,Male,Delhi,2022-05-30,341,48.0,4.2
618,Arjun Kumar,49.0,Female,Chennai,2022-01-06,127,42.0,
619,Sneha Yadav,33.0,Female,Bangalore,2022-04-19,409,35.0,4.05
620,Rohit Reddy,25.0,Male,Kolkata,2020-05-26,412,12.0,4.51
621,Sneha Reddy,55.0,Female,Chennai,2023-09-08,367,31.0,2.71
622,Neha Yadav,29.0,Male,Kolkata,2021-03-18,271,16.0,3.46
623,Amit Patel,41.0,Female,Mumbai,2022-04-16,132,40.0,
624,Amit Patel,45.0,Male,Chennai,2022-11-02,93,35.0,4.72
625,Vikas Kumar,25.0,,Mumbai,2022-07-31,379,45.0,2.88
626,Rahul Yadav,45.0,Female,Chennai,2020-10-13,73,18.0,2.88
627,Vikas Patel,53.0,Female,Chennai,2021-12-20,411,34.0,6.0
628,Vikas Reddy,43.0,Male,Mumbai,2023-02-11,410,45.0,2.64
629,Rohit Verma,25.0,Female,Bangalore,2021-04-24,403,39.0,2.96
630,Amit Joshi,45.0,Female,Delhi,2020-01-22,248,27.0,4.91
631,Rohit Kumar,45.0,Male,Kolkata,2023-10-04,348,0.0,3.57
632,Rohit Sharma,54.0,Male,,2021-11-13,273,41.0,4.08
633,Rahul Verma,58.0,Female,Kolkata,2022-06-24,43,17.0,4.32
634,Rahul Patel,53.0,Male,Mumbai,2020-11-15,377,47.0,3.42
635,Sneha Gupta,44.0,,Kolkata,2020-05-05,41,39.0,2.87
636,Pooja Yadav,34.0,Male,Mumbai,2020-10-03,170,32.0,3.02
637,Amit Kumar,26.0,,Kolkata,2023-05-12,434,11.0,3.28
638,Vikas Yadav,50.0,Female,Delhi,2020-07-12,212,7.0,4.09
639,Arjun Yadav,37.0,Male,Delhi,2021-11-26,493,23.0,3.5
640,Rahul Reddy,30.0,Female,Delhi,2023-08-02,168,15.0,2.52
641,Neha Sharma,45.0,Male,Delhi,2020-02-26,39,49.0,3.81
642,Amit Patel,,Female,Delhi,2023-08-19,369,3.0,4.8
643,Pooja Kumar,30.0,Male,Delhi,2023-04-01,245,37.0,4.53
644,Pooja Joshi,,Male,Mumbai,2020-01-19,151,43.0,4.56
645,Arjun Sharma,23.0,Female,Chennai,2023-10-25,111,26.0,4.49
646,Vikas Kumar,35.0,Male,Kolkata,2020-09-20,480,8.0,3.31
647,Sneha Joshi,,Female,Delhi,2022-03-04,436,46.0,4.41
648,Priya Reddy,42.0,Female,Mumbai,2020-04-22,47,15.0,2.86
649,Sneha Patel,,Male,Mumbai,2023-09-12,63,11.0,4.14
650,Neha Joshi,27.0,Male,Mumbai,2021-06-25,225,30.0,4.1
651,Anjali Kumar,47.0,Female,Chennai,2021-10-08,366,23.0,2.56
652,Pooja Sharma,22.0,Male,Kolkata,2021-08-01,69,13.0,4.47
653,Sneha Gupta,50.0,Male,Chennai,2022-12-24,299,44.0,4.76
654,Rohit Verma,18.0,Male,Bangalore,2023-08-08,432,24.0,3.17
655,Vikas Joshi,35.0,,Mumbai,2020-01-25,290,33.0,4.53
656,Rohit Sharma,49.0,,Bangalore,2020-01-01,296,2.0,2.71
657,Arjun Patel,28.0,Female,Delhi,2022-06-29,203,23.0,
658,Rohit Sharma,38.0,Female,Delhi,2020-05-20,61,41.0,3.71
659,Sneha Joshi,43.0,Male,Chennai,2021-10-09,434,,3.86
660,Rohit Mehta,42.0,Male,Kolkata,2020-07-06,451,25.0,4.82
661,Pooja Joshi,39.0,,Bangalore,2023-02-25,318,19.0,4.68
662,Priya Verma,44.0,Female,Kolkata,2020-07-19,314,39.0,4.46
663,Amit Singh,30.0,Male,Chennai,2023-02-24,161,,3.18
664,Rahul Reddy,50.0,Female,Delhi,2020-09-13,331,18.0,4.78
665,Sneha Reddy,51.0,,Kolkata,2021-06-30,16,2.0,2.74
666,Rohit Sharma,58.0,Female,Kolkata,2020-07-12,338,23.0,
667,Rahul Kumar,52.0,Male,Delhi,2021-12-03,94,4.0,3.32
668,Arjun Kumar,18.0,Female,Bangalore,2023-02-01,304,2.0,2.63
669,Pooja Kumar,38.0,Male,Delhi,2023-07-12,138,26.0,4.17
670,Anjali Reddy,23.0,Female,Kolkata,2022-03-12,338,15.0,3.08
671,Anjali Kumar,45.0,Male,Bangalore,2022-07-30,38,48.0,3.11
672,Anjali Patel,34.0,Female,Bangalore,2023-11-08,127,14.0,3.27
673,Amit Singh,22.0,Male,Delhi,2023-07-07,275,34.0,2.66
674,Priya Joshi,,Female,Kolkata,2021-02-17,164,11.0,2.94
675,Amit Sharma,22.0,Male,Chennai,2023-10-13,443,40.0,2.51
676,Priya Patel,55.0,Male,,2023-01-03,319,43.0,3.61
677,Neha Kumar,20.0,Male,Mumbai,2023-10-10,77,25.0,2.71
678,Rohit Kumar,40.0,Male,Chennai,2022-06-28,174,46.0,4.21
679,Rohit Yadav,54.0,Female,Bangalore,2020-07-06,387,33.0,3.09
680,Amit Sharma,54.0,Female,Chennai,2023-08-06,458,22.0,4.86
681,Arjun Patel,27.0,Male,Bangalore,2020-02-14,358,30.0,4.68
682,Pooja Singh,27.0,,Bangalore,2020-03-23,321,49.0,3.22
683,Neha Yadav,36.0,Male,Chennai,2023-02-20,376,19.0,4.46
684,Rahul Mehta,34.0,Male,Bangalore,2020-12-23,91,11.0,4.51
685,Anjali Mehta,38.0,Female,Bangalore,2022-12-25,238,22.0,4.97
686,Rohit Joshi,31.0,Male,Mumbai,2022-07-24,264,3.0,3.99
687,Rahul Verma,26.0,Male,Kolkata,2021-01-09,179,22.0,2.7
688,Vikas Mehta,18.0,Female,Kolkata,2020-06-10,494,47.0,4.12
689,Sneha Yadav,30.0,Male,Mumbai,2023-11-04,490,47.0,4.06
690,Arjun Kumar,21.0,Male,Chennai,2023-10-13,209,0.0,4.1
691,Pooja Gupta,18.0,Male,Delhi,2023-04-26,73,24.0,3.27
692,Sneha Yadav,57.0,Male,Delhi,2020-11-17,390,1.0,4.65
693,Arjun Reddy,49.0,,Delhi,2021-03-25,107,29.0,4.9
694,Sneha Patel,51.0,Female,Mumbai,2024-02-06,345,2.0,3.04
695,Vikas Singh,,Female,Mumbai,2022-11-02,295,20.0,2.72
696,Anjali Singh,48.0,Male,Bangalore,2020-07-02,369,24.0,2.99
697,Pooja Yadav,25.0,Male,Delhi,2020-04-20,444,19.0,4.55
698,Pooja Reddy,56.0,Female,Chennai,2021-05-22,284,48.0,4.19
699,Amit Kumar,43.0,Male,Chennai,2023-08-06,353,21.0,
700,Sneha Patel,,,Delhi,2020-10-21,182,20.0,3.5
701,Priya Gupta,20.0,,Delhi,2024-01-14,37,32.0,3.94
702,Priya Reddy,29.0,,Delhi,2022-06-22,137,37.0,3.27
703,Rahul Gupta,18.0,Female,Mumbai,2023-05-23,338,14.0,3.69
704,Pooja Patel,,Female,Mumbai,2022-08-31,56,45.0,4.48
705,Anjali Yadav,47.0,Female,Mumbai,2021-09-23,187,14.0,4.95
706,Pooja Joshi,47.0,Male,Kolkata,2022-11-16,341,45.0,
707,Rahul Mehta,34.0,Female,Chennai,2022-01-02,258,24.0,4.83
708,Rohit Patel,40.0,Female,,2023-06-08,445,20.0,3.51
709,Rahul Reddy,32.0,Male,,2020-11-16,58,23.0,3.67
710,Rahul Kumar,54.0,Male,Mumbai,2022-07-01,363,4.0,4.26
711,Sneha Singh,38.0,Female,Kolkata,2023-06-10,123,5.0,4.81
712,Arjun Mehta,31.0,Female,Kolkata,2021-03-12,188,48.0,2.85
713,Neha Yadav,19.0,Female,Chennai,2022-02-19,230,42.0,3.26
714,Anjali Yadav,28.0,Female,Mumbai,2023-11-27,168,47.0,2.85
715,Arjun Gupta,56.0,Male,,2022-12-12,420,43.0,4.03
716,Arjun Reddy,55.0,Female,Mumbai,2023-08-29,114,46.0,3.27
717,Rohit Singh,51.0,Female,Delhi,2023-07-28,252,22.0,3.32
718,Vikas Gupta,55.0,Male,Mumbai,2021-12-26,107,3.0,2.68
719,Anjali Reddy,51.0,Female,Delhi,2020-01-31,37,26.0,3.37
720,Vikas Verma,35.0,Male,Delhi,2020-12-02,335,,4.66
721,Arjun Reddy,47.0,Male,Bangalore,2020-07-01,92,20.0,3.08
722,Rohit Singh,32.0,,Chennai,2022-11-12,18,27.0,
723,Neha Mehta,44.0,Female,Mumbai,2021-06-27,354,34.0,4.07
724,Neha Reddy,51.0,Female,Delhi,2024-01-09,63,21.0,4.66
725,Pooja Yadav,55.0,Male,Mumbai,2023-01-02,150,39.0,2.83
726,Arjun Joshi,50.0,Female,Chennai,2022-10-30,139,22.0,4.94
727,Sneha Gupta,41.0,Female,Chennai,2024-01-19,186,2.0,3.96
728,Amit Sharma,32.0,Male,,2021-10-21,185,39.0,4.99
729,Amit Patel,47.0,Male,Chennai,2020-06-08,205,49.0,4.78
730,Amit Joshi,59.0,,Bangalore,2022-11-03,260,9.0,3.05
731,Arjun Reddy,34.0,,Delhi,2023-04-16,214,24.0,2.64
732,Priya Joshi,22.0,Female,Kolkata,2021-02-15,256,48.0,3.14
733,Anjali Joshi,46.0,Female,Bangalore,2022-10-08,135,7.0,3.82
734,Arjun Kumar,,Female,Mumbai,2020-02-22,61,10.0,2.93
735,Neha Joshi,27.0,Female,Delhi,2021-02-11,363,4.0,2.92
736,Sneha Verma,34.0,Male,Chennai,2022-04-26,310,44.0,3.66
737,Sneha Sharma,27.0,Male,Delhi,2022-11-11,88,36.0,2.58
738,Sneha Joshi,34.0,Male,Mumbai,2022-11-19,324,44.0,2.8
739,Anjali Patel,37.0,Male,Kolkata,2021-12-03,476,37.0,3.54
740,Neha Verma,41.0,Female,Kolkata,2020-09-16,207,28.0,2.66
741,Rahul Joshi,22.0,Female,Kolkata,2023-05-13,129,,3.49
742,Arjun Verma,51.0,Male,Chennai,2022-12-18,311,8.0,3.69
743,Anjali Kumar,23.0,Female,Bangalore,2024-02-03,3,47.0,3.63
744,Amit Mehta,19.0,,Bangalore,2022-02-14,462,1.0,4.67
745,Amit Reddy,30.0,Female,Delhi,2024-01-29,422,0.0,3.83
746,Rahul Reddy,28.0,Male,Chennai,2022-11-01,242,,3.67
747,Vikas Sharma,40.0,Male,Kolkata,2023-08-06,121,29.0,3.53
748,Neha Kumar,33.0,Male,Kolkata,2022-04-29,385,10.0,4.54
749,Vikas Patel,48.0,Female,Mumbai,2020-12-19,102,27.0,4.74
750,Vikas Patel,28.0,Male,Mumbai,2023-01-03,38,43.0,4.63
751,Anjali Patel,33.0,,Kolkata,2022-05-22,341,11.0,4.18
752,Sneha Sharma,25.0,,Kolkata,2024-01-04,496,38.0,2.84
753,Priya Singh,21.0,Male,Chennai,2022-09-17,413,25.0,3.19
754,Priya Mehta,57.0,Male,Bangalore,2023-06-18,133,12.0,2.62
755,Rohit Gupta,21.0,,Mumbai,2022-10-14,497,7.0,4.83
756,Sneha Sharma,,Female,Bangalore,2023-03-23,202,27.0,4.15
757,Priya Singh,20.0,Female,Chennai,2023-01-24,348,29.0,4.37
758,Anjali Sharma,49.0,Male,Kolkata,2020-10-20,21,,3.28
759,Rahul Mehta,,Male,Bangalore,2020-07-27,242,38.0,4.61
760,Priya Kumar,44.0,Female,Kolkata,2023-09-28,455,30.0,3.15
761,Anjali Singh,46.0,Female,Kolkata,2023-01-16,451,20.0,2.5
762,Rahul Sharma,49.0,Male,Delhi,2022-03-28,109,46.0,3.44
763,Pooja Kumar,36.0,Male,Bangalore,2021-01-24,303,33.0,3.93
764,Priya Mehta,38.0,Male,,2020-11-20,84,30.0,3.7
765,Amit Kumar,,Male,Kolkata,2022-07-28,83,24.0,4.66
766,Priya Reddy,35.0,Female,,2022-06-07,291,11.0,
767,Vikas Kumar,45.0,Male,,2023-03-26,452,0.0,3.88
768,Amit Kumar,59.0,Male,Kolkata,2021-10-29,69,21.0,3.78
769,Anjali Reddy,39.0,Male,Mumbai,2021-09-24,129,39.0,3.2
770,Arjun Gupta,38.0,Male,Mumbai,2021-07-30,196,36.0,4.56
771,Vikas Mehta,23.0,Female,Delhi,2020-05-16,140,46.0,4.38
772,Sneha Singh,18.0,Female,Chennai,2021-03-03,444,0.0,4.33
773,Pooja Gupta,22.0,,,2024-01-15,283,0.0,4.69
774,Sneha Singh,58.0,,,2021-09-03,312,41.0,4.31
775,Neha Singh,29.0,Male,,2022-06-29,234,41.0,
776,Sneha Kumar,43.0,Female,Chennai,2022-03-29,23,20.0,4.26
777,Sneha Verma,51.0,Male,Bangalore,2020-05-20,153,14.0,3.27
778,Arjun Joshi,31.0,Male,Mumbai,2023-01-11,277,16.0,3.11
779,Anjali Singh,43.0,Female,Mumbai,2020-06-25,61,21.0,
780,Amit Patel,,Female,Bangalore,2020-07-16,1000,37.0,4.36
781,Pooja Reddy,26.0,Female,Delhi,2021-09-15,378,34.0,4.28
782,Rahul Singh,43.0,Female,Mumbai,2021-11-21,52,44.0,3.09
783,Neha Singh,39.0,Male,Kolkata,2023-12-15,344,15.0,
784,Priya Mehta,47.0,Male,,2021-02-04,153,7.0,4.79
785,Rohit Mehta,34.0,Female,Bangalore,2021-04-15,237,46.0,2.77
786,Neha Joshi,43.0,Male,Mumbai,2020-08-05,311,16.0,3.08
787,Pooja Reddy,53.0,Female,Delhi,2022-07-17,302,16.0,4.38
788,Amit Mehta,18.0,Female,Kolkata,2021-09-23,32,25.0,3.19
789,Priya Sharma,25.0,Male,Delhi,2022-08-08,55,12.0,4.06
790,Anjali Patel,52.0,,Chennai,2022-06-24,352,16.0,2.7
791,Arjun Verma,32.0,Male,Chennai,2020-06-23,389,37.0,3.63
792,Priya Verma,39.0,Male,Mumbai,2020-01-23,36,16.0,4.35
793,Rahul Sharma,31.0,Male,,2020-08-22,110,47.0,4.22
794,Rahul Patel,43.0,Male,Mumbai,2022-11-02,490,13.0,4.54
795,Rohit Kumar,45.0,,Chennai,2023-01-29,177,44.0,4.69
796,Pooja Joshi,40.0,Male,Delhi,2022-07-17,362,5.0,4.43
797,Pooja Mehta,31.0,Female,Delhi,2021-06-06,314,34.0,4.18
798,Amit Sharma,41.0,Female,Mumbai,2024-01-15,295,45.0,2.58
799,Priya Patel,19.0,,Kolkata,2021-03-06,336,13.0,3.84
800,Amit Gupta,300.0,Female,Delhi,2022-03-03,97,46.0,2.59
801,Rohit Yadav,31.0,Male,Chennai,2021-06-16,369,7.0,4.52
802,Arjun Singh,24.0,Male,Bangalore,2022-09-05,213,14.0,3.3
803,Anjali Singh,20.0,Female,Bangalore,2023-08-09,317,26.0,3.91
804,Rohit Sharma,40.0,Female,Bangalore,2022-03-20,137,12.0,3.2
805,Vikas Joshi,35.0,Male,Kolkata,2022-07-01,6,,4.46
806,Amit Yadav,55.0,,Mumbai,2023-01-29,499,30.0,4.72
807,Neha Verma,52.0,Male,Chennai,2023-08-20,109,34.0,3.5
808,Priya Yadav,32.0,Female,Kolkata,2022-05-20,35,5.0,4.66
809,Rahul Joshi,42.0,Male,Chennai,2021-06-23,39,4.0,3.17
810,Priya Yadav,54.0,Female,Chennai,2022-10-20,150,21.0,3.84
811,Sneha Joshi,45.0,Female,Mumbai,2023-10-10,425,48.0,4.65
812,Rahul Kumar,27.0,Male,Bangalore,2023-08-19,118,22.0,3.31
813,Pooja Joshi,56.0,Female,Mumbai,2020-08-14,261,24.0,4.89
814,Pooja Kumar,34.0,,Kolkata,2023-06-13,426,33.0,2.8
815,Anjali Patel,56.0,Male,Kolkata,2022-05-22,87,25.0,2.55
816,Rohit Singh,39.0,Female,,2022-06-10,465,46.0,4.76
817,Rohit Mehta,43.0,Male,Mumbai,2024-01-18,76,4.0,2.67
818,Pooja Reddy,42.0,Male,Chennai,2022-11-02,471,25.0,4.98
819,Sneha Reddy,34.0,,Chennai,2020-07-28,464,,4.88
820,Rohit Gupta,30.0,Female,Delhi,2022-01-10,451,5.0,2.84
821,Priya Singh,37.0,,Kolkata,2021-01-31,414,5.0,3.84
822,Arjun Joshi,42.0,Female,Chennai,2023-01-28,313,49.0,2.96
823,Rahul Patel,21.0,Female,,2020-01-31,383,17.0,3.57
824,Arjun Reddy,,Female,Chennai,2022-06-16,214,3.0,
825,Pooja Sharma,20.0,Female,Kolkata,2021-10-10,457,16.0,
826,Vikas Reddy,58.0,Male,,2020-11-24,285,13.0,3.41
827,Sneha Sharma,35.0,Female,Kolkata,2023-04-04,239,13.0,3.6
828,Neha Sharma,53.0,Male,Mumbai,2024-01-22,165,12.0,4.94
829,Rahul Patel,39.0,Female,Chennai,2022-08-09,87,6.0,4.52
830,Rahul Joshi,51.0,,Chennai,2023-01-28,141,43.0,4.34
831,Arjun Sharma,25.0,Male,Mumbai,2021-09-12,160,14.0,3.84
832,Arjun Patel,57.0,Female,Mumbai,2023-04-11,46,18.0,4.6
833,Sneha Patel,36.0,Female,Bangalore,2020-06-10,372,42.0,3.35
834,Pooja Yadav,59.0,Male,Chennai,2022-02-14,495,46.0,4.27
835,Arjun Gupta,58.0,Female,Chennai,2023-07-10,112,43.0,4.98
836,Vikas Singh,54.0,Female,Bangalore,2020-09-30,407,34.0,3.29
837,Priya Singh,23.0,Female,Delhi,2022-10-23,45,16.0,4.19
838,Vikas Reddy,43.0,Male,Bangalore,2022-11-17,401,34.0,
839,Anjali Kumar,51.0,Female,,2020-11-21,247,18.0,4.79
840,Priya Yadav,23.0,Female,,2022-07-28,104,19.0,4.29
841,Sneha Reddy,54.0,Female,Mumbai,2023-03-18,85,35.0,3.21
842,Sneha Patel,50.0,Female,Kolkata,2021-06-23,450,34.0,3.32
843,Rahul Singh,,Male,Chennai,2021-05-02,485,31.0,
844,Vikas Reddy,38.0,Male,Bangalore,2022-04-01,134,47.0,4.4
845,Pooja Mehta,23.0,Female,Kolkata,2024-01-01,108,43.0,
846,Vikas Reddy,,Female,Chennai,2022-12-24,18,39.0,4.66
847,Priya Joshi,21.0,Male,Delhi,2020-12-21,94,23.0,2.8
848,Arjun Sharma,47.0,Male,Delhi,2023-06-29,150,,
849,Rahul Sharma,28.0,,Mumbai,2020-08-22,246,6.0,3.69
850,Vikas Reddy,47.0,Male,Chennai,2020-08-14,289,42.0,4.34
851,Vikas Kumar,48.0,Female,Delhi,2023-08-29,414,49.0,2.85
852,Sneha Yadav,41.0,Male,Bangalore,2020-02-18,209,0.0,3.6
853,Priya Kumar,26.0,Male,Chennai,2020-04-27,126,34.0,3.71
854,Vikas Kumar,20.0,Male,Bangalore,2020-02-23,235,31.0,3.03
855,Neha Sharma,48.0,Male,Bangalore,2021-07-18,416,35.0,2.79
856,Amit Kumar,57.0,Female,Delhi,2022-12-03,426,12.0,4.59
857,Anjali Verma,54.0,Male,Chennai,2020-02-22,499,5.0,3.76
858,Sneha Sharma,53.0,,Kolkata,2021-07-11,462,13.0,2.54
859,Anjali Reddy,41.0,Female,Delhi,2023-01-30,122,36.0,4.51
860,Neha Yadav,48.0,Male,Delhi,2022-05-17,138,47.0,4.95
861,Arjun Gupta,,Male,Chennai,2021-02-01,495,14.0,4.01
862,Rahul Sharma,19.0,Female,Chennai,2023-03-07,115,46.0,3.76
863,Sneha Kumar,37.0,Male,Bangalore,2021-11-05,420,3.0,4.7
864,Arjun Singh,45.0,Female,Chennai,2021-01-21,162,39.0,4.88
865,Neha Kumar,28.0,Female,Bangalore,2020-04-20,201,15.0,4.39
866,Neha Joshi,21.0,Female,Delhi,2021-09-05,234,27.0,3.61
867,Priya Verma,32.0,Female,Mumbai,2020-01-17,28,15.0,
868,Pooja Kumar,23.0,,Kolkata,2023-04-20,11,3.0,4.25
869,Vikas Kumar,47.0,Female,Delhi,2022-06-02,206,44.0,2.99
870,Arjun Mehta,55.0,Male,Chennai,2021-06-24,167,25.0,3.62
871,Rahul Verma,19.0,Male,Kolkata,2020-06-19,247,27.0,
872,Pooja Patel,32.0,Male,Mumbai,2021-02-12,47,31.0,4.14
873,Pooja Reddy,28.0,Male,Mumbai,2022-01-09,246,44.0,
874,Arjun Mehta,25.0,Male,Bangalore,2023-11-02,127,1.0,4.16
875,Rahul Reddy,43.0,Male,Kolkata,2023-04-26,147,30.0,2.8
876,Pooja Gupta,22.0,Male,Bangalore,2022-05-07,118,,3.5
877,Vikas Gupta,23.0,Male,Delhi,2020-08-17,399,7.0,4.48
878,Arjun Joshi,43.0,Male,Kolkata,2020-04-28,382,23.0,3.05
879,Rohit Joshi,21.0,Male,Delhi,2023-03-25,412,14.0,2.96
880,Priya Kumar,36.0,Female,Bangalore,2022-02-22,152,42.0,4.88
881,Pooja Verma,37.0,Female,Kolkata,2021-04-09,72,30.0,3.02
882,Rohit Joshi,50.0,Female,Bangalore,2020-04-13,363,8.0,3.15
883,Arjun Verma,37.0,Male,Kolkata,2021-11-28,137,38.0,4.92
884,Arjun Reddy,29.0,Female,,2020-06-23,175,44.0,4.34
885,Sneha Gupta,18.0,Female,Mumbai,2022-01-14,289,1.0,4.25
886,Anjali Mehta,43.0,Female,Bangalore,2023-12-15,446,7.0,4.63
887,Rahul Patel,,Male,Mumbai,2023-03-03,481,6.0,2.79
888,Rahul Patel,55.0,Male,Bangalore,2023-11-15,19,43.0,4.26
889,Arjun Patel,,Male,Kolkata,2021-10-26,195,38.0,3.76
890,Sneha Kumar,28.0,Male,Kolkata,2020-02-02,330,41.0,4.57
891,Sneha Gupta,53.0,Female,Kolkata,2020-02-24,424,,3.77
892,Rahul Singh,120.0,Female,Chennai,2021-06-02,175,34.0,4.05
893,Amit Joshi,20.0,Female,Delhi,2022-01-25,490,29.0,3.69
894,Arjun Yadav,50.0,Female,Kolkata,2020-01-12,449,9.0,3.7
895,Rohit Mehta,23.0,Male,Mumbai,2021-12-20,413,37.0,4.42
896,Pooja Mehta,27.0,Male,Kolkata,2021-07-08,434,17.0,4.07
897,Priya Mehta,22.0,Male,Chennai,2021-01-07,354,49.0,4.08
898,Neha Sharma,40.0,Female,Mumbai,2021-04-28,499,4.0,3.63
899,Amit Patel,27.0,Male,Chennai,2022-08-30,141,28.0,3.83
900,Sneha Mehta,19.0,Male,Mumbai,2023-06-05,246,38.0,4.36
901,Pooja Sharma,30.0,Female,Bangalore,2021-09-14,385,33.0,4.56
902,Arjun Verma,57.0,Female,Delhi,2020-11-02,418,42.0,4.24
903,Sneha Sharma,19.0,Male,Delhi,2021-04-01,93,,4.81
904,Arjun Verma,37.0,Male,Chennai,2020-06-08,432,22.0,4.55
905,Amit Joshi,18.0,Male,Delhi,2020-11-26,239,4.0,3.9
906,Pooja Sharma,54.0,Male,,2022-02-14,205,29.0,4.18
907,Priya Sharma,26.0,Male,Chennai,2020-08-12,48,5.0,4.82
908,Rahul Verma,34.0,Male,Chennai,2022-09-09,433,45.0,4.05
909,Rohit Reddy,26.0,Female,Delhi,2021-12-29,245,43.0,4.56
910,Priya Reddy,28.0,Female,Chennai,2024-01-19,320,3.0,4.22
911,Sneha Joshi,32.0,Female,Delhi,2022-12-04,317,28.0,3.88
912,Neha Gupta,41.0,Male,Chennai,2023-05-22,413,22.0,3.1
913,Priya Mehta,55.0,Female,Kolkata,2022-12-18,295,5.0,3.56
914,Pooja Verma,52.0,,Chennai,2021-10-05,128,31.0,4.92
915,Vikas Yadav,,Male,Mumbai,2021-09-07,344,41.0,4.14
916,Rahul Yadav,48.0,Female,Chennai,2020-07-13,282,17.0,3.91
917,Arjun Yadav,22.0,Male,Bangalore,2021-05-03,17,14.0,4.83
918,Rahul Reddy,31.0,Male,Chennai,2020-06-05,71,39.0,
919,Amit Mehta,28.0,Female,Mumbai,2021-09-01,269,31.0,3.82
920,Arjun Yadav,26.0,Female,Mumbai,2023-06-03,325,8.0,4.4
921,Rahul Verma,51.0,Female,Delhi,2021-02-15,282,36.0,4.28
922,Rahul Sharma,29.0,Male,Kolkata,2023-05-13,305,9.0,2.98
923,Priya Gupta,52.0,Female,Chennai,2023-01-07,451,19.0,3.68
924,Sneha Sharma,52.0,Female,Delhi,2023-02-21,7,5.0,3.68
925,Rahul Reddy,18.0,Male,Kolkata,2021-04-15,314,47.0,3.45
926,Neha Sharma,57.0,Female,Chennai,2023-05-26,305,2.0,3.79
927,Pooja Gupta,39.0,Female,Bangalore,2021-05-30,103,41.0,3.53
928,Priya Sharma,46.0,Female,,2023-02-01,309,10.0,3.0
929,Priya Verma,25.0,Male,Mumbai,2021-01-27,193,42.0,3.53
930,Sneha Sharma,28.0,Male,Mumbai,2021-09-22,241,16.0,2.68
931,Rohit Patel,58.0,Male,Bangalore,2021-08-30,62,31.0,3.94
932,Amit Singh,54.0,Male,Delhi,2022-09-06,5000,3.0,4.63
933,Pooja Patel,31.0,Female,Kolkata,2021-03-09,171,3.0,4.31
934,Anjali Patel,47.0,,Chennai,2023-09-16,25,16.0,3.4
935,Amit Mehta,52.0,Male,Mumbai,2023-03-12,251,40.0,2.72
936,Vikas Gupta,38.0,,,2021-06-23,253,,3.01
937,Rahul Joshi,54.0,,Bangalore,2020-10-04,387,4.0,3.86
938,Pooja Verma,22.0,Female,Mumbai,2020-08-20,207,31.0,3.02
939,Pooja Reddy,36.0,,Bangalore,2023-01-18,29,21.0,3.86
940,Rohit Patel,31.0,Male,Chennai,2023-05-07,117,5.0,3.08
941,Anjali Sharma,43.0,Male,Kolkata,2020-12-27,491,34.0,4.62
942,Vikas Kumar,21.0,Female,Mumbai,2024-01-04,416,21.0,3.49
943,Sneha Patel,42.0,Female,Mumbai,2020-01-26,282,0.0,3.11
944,Rahul Mehta,59.0,,Chennai,2022-11-14,380,19.0,4.53
945,Arjun Yadav,,Female,Delhi,2023-11-18,144,21.0,3.36
946,Priya Yadav,35.0,Female,Kolkata,2021-05-21,25,47.0,2.78
947,Rohit Mehta,150.0,Female,Mumbai,2023-08-17,310,10.0,3.93
948,Anjali Yadav,25.0,Male,Kolkata,2023-09-24,156,12.0,3.95
949,Anjali Joshi,56.0,Female,,2020-09-23,73,41.0,4.29
950,Pooja Verma,57.0,Female,Kolkata,2021-04-05,120,2.0,3.1
951,Vikas Sharma,31.0,Male,Bangalore,2021-03-31,312,,3.61
952,Pooja Sharma,49.0,Male,Mumbai,2023-10-15,321,11.0,
953,Arjun Yadav,55.0,Female,Kolkata,2022-12-27,93,22.0,2.7
954,Priya Sharma,50.0,Female,Delhi,2022-10-03,86,13.0,4.69
955,Pooja Mehta,40.0,Male,Bangalore,2022-05-12,336,32.0,4.32
956,Priya Reddy,32.0,Male,Bangalore,2023-12-06,425,17.0,3.25
957,Vikas Gupta,,Female,Delhi,2021-05-05,499,48.0,4.0
958,Sneha Verma,,Female,,2022-12-08,364,40.0,3.0
959,Amit Singh,34.0,Female,Chennai,2021-07-17,435,8.0,4.73
960,Vikas Singh,50.0,Female,Delhi,2023-01-30,118,22.0,2.79
961,Anjali Gupta,19.0,Male,Kolkata,2020-08-03,233,9.0,2.51
962,Rahul Joshi,31.0,Female,Delhi,2024-01-01,199,18.0,3.76
963,Pooja Singh,57.0,Female,Delhi,2021-07-12,206,46.0,3.96
964,Pooja Kumar,57.0,Male,Mumbai,2020-06-07,413,4.0,3.95
965,Arjun Patel,56.0,Female,Kolkata,2021-05-03,339,46.0,2.64
966,Neha Reddy,23.0,Male,,2021-11-16,147,22.0,3.29
967,Priya Gupta,23.0,Female,Mumbai,2023-06-19,450,29.0,3.75
968,Anjali Reddy,20.0,Female,Delhi,2022-03-04,425,24.0,3.04
969,Priya Joshi,24.0,Male,Delhi,2020-01-05,429,27.0,4.68
970,Vikas Joshi,25.0,Male,Delhi,2020-12-26,271,33.0,2.72
971,Amit Joshi,59.0,,,2021-04-03,387,44.0,3.72
972,Vikas Singh,32.0,Female,Kolkata,2020-09-04,139,47.0,4.23
973,Priya Verma,46.0,,Mumbai,2022-08-03,181,46.0,3.15
974,Pooja Joshi,50.0,,Chennai,2021-02-25,430,24.0,4.06
975,Amit Joshi,,Female,Mumbai,2020-01-15,30,9.0,4.57
976,Arjun Verma,56.0,Male,Bangalore,2022-01-05,57,13.0,2.98
977,Sneha Mehta,44.0,Male,Delhi,2023-02-19,232,41.0,4.79
978,Sneha Sharma,53.0,,Delhi,2020-10-03,146,45.0,3.88
979,Anjali Verma,,Male,Delhi,2021-03-28,435,29.0,3.25
980,Arjun Verma,55.0,Female,Mumbai,2023-11-14,384,40.0,3.58
981,Sneha Singh,50.0,Female,,2023-08-10,48,24.0,3.28
982,Pooja Verma,54.0,Female,Delhi,2021-08-20,194,,4.31
983,Vikas Patel,44.0,Female,Mumbai,2021-03-21,224,34.0,4.49
984,Sneha Singh,50.0,Female,,2020-07-28,136,47.0,4.58
985,Pooja Mehta,21.0,Male,Kolkata,2021-12-14,22,33.0,4.96
986,Neha Verma,39.0,Male,Mumbai,2020-10-28,6,9.0,4.48
987,Rohit Yadav,19.0,Female,Delhi,2023-05-31,204,34.0,4.0
988,Neha Yadav,27.0,,Mumbai,2020-01-03,239,10.0,3.35
989,Amit Mehta,22.0,Male,Mumbai,2022-09-16,185,10.0,3.86
990,Rahul Sharma,27.0,Male,Mumbai,2023-01-21,360,20.0,2.6
991,Pooja Mehta,50.0,Male,Bangalore,2021-06-03,292,20.0,4.36
992,Vikas Mehta,55.0,Male,Kolkata,2023-12-22,335,21.0,3.61
993,Amit Kumar,30.0,Female,Chennai,2021-05-07,220,44.0,2.55
994,Anjali Verma,48.0,Female,Chennai,2023-06-12,116,6.0,2.66
995,Pooja Verma,53.0,Male,Bangalore,2021-09-11,313,16.0,3.47
996,Rahul Reddy,41.0,Female,Mumbai,2023-03-30,49,1.0,3.96
997,Anjali Yadav,32.0,Male,Bangalore,2020-11-26,173,11.0,3.66
998,Amit Yadav,46.0,Female,,2020-11-28,82,41.0,4.05
999,Amit Kumar,25.0,Male,Delhi,2020-02-19,322,17.0,3.7
1000,Rahul Mehta,22.0,Female,Kolkata,2022-05-12,333,10.0,4.15
